,SHFLX,LHFLX,FLNS,FSNS,FSDS,FLDS,TREFHT,TS,PSL,PRECT,U200,U500,U850,V200,V500,V850,T200,T500,T850,Q200,Q500,Q850,OMEGA200,OMEGA500,OMEGA850,Z200,Z500,Z850
CTRLEN10,0.0,0.0,0.0,0.0,0.0,0.0,0.0,0.0,0.0,0.0,0.0,0.0,0.0,0.0,0.0,0.0,0.0,0.0,0.0,0.0,0.0,0.0,0.0,0.0,0.0,0.0,0.0,0.0
CAPTEN10,-0.02369646630879755,-0.02448763152807918,0.003114711365054934,-0.015983828697374743,-0.015445623027131154,-0.013356298641876542,-0.02834052538993269,-0.02450257198214242,-0.02311031379529224,-4.5641067346545726e-07,0.03034065103846126,-0.019871277742173173,-0.012957598890019881,-0.0169086941337732,-0.005841065701528304,-0.019960196789478066,0.022369449820909028,-0.0002551343766345224,-0.028622902325713385,-0.02183185094231393,-0.025738810379113356,-0.020188103456773063,-0.015413703069052404,-0.007033684190654377,-0.005253897944261751,-2.1399955426131812e-05,-0.00010696477801316095,-0.00023758882408799614
DARTEN20,0.005037721755186514,0.001687496045702176,0.016342533008199073,0.0029162815660754705,7.939093835438268e-05,0.00909778387173684,-0.0078041753962848626,-0.004652118123997968,0.08801886992048823,1.557017238532386e-05,0.05473219395422352,0.002973516586019923,0.007272395790966022,0.002665052714434777,0.0007021610917181852,0.006598441324888787,0.05349407343374712,0.041183265504663356,-0.0159360967087794,0.03823876202080155,0.012581185400998002,0.006080951277399527,0.006582375927434753,0.0058486837827405125,-0.00028900478223571586,0.0001946074026961726,0.0005220228180970081,0.002162972299945336
DARTEN40,0.016210469037766653,0.013448288136864972,0.0193171918310593,0.014818702270444102,0.011667763092863378,0.01766125379391548,0.0077401249537405094,0.009314909567270407,0.015627396214226076,2.1373764019297647e-05,0.06055099748078295,0.018205467178161034,0.025848224041692795,0.02650489910271167,0.027094984436287214,0.02244619477565813,0.06184208545848101,0.03318397506171464,0.0027455567533065063,0.035417856068661664,0.011569088688278795,0.023639777371046312,0.014436727039194703,0.015313270346430399,0.010230678222086386,-2.858484445800067e-05,2.3297861048922176e-05,0.00022897950818647479
